{"graph": {"_type": "graph-file", "path": "media/graph/graph_summary_79d5e554eba7c991ca7b.graph.json", "sha256": "79d5e554eba7c991ca7ba23fe570d3ea7276d73da6376aa50bfd6e075bc65b14", "size": 5406}, "epoch": 0, "loss": 2.2584500312805176, "val_loss": 2.2499325275421143, "_runtime": 788, "_timestamp": 1640856395, "_step": 0, "best_val_loss": 2.2499325275421143, "best_epoch": 0, "_wandb": {"runtime": 786}}